timestamp,event_id,workspace,incident_id,component,service,run_id,event_type,severity,risk_score,risk_domain,signal_domain,external_action,approval_state,policy_decision,requires_human_approval,mcp_tool,evidence_ref,message,metric_name,observed_value,baseline_value,root_cause_candidate,root_cause_weight,recommended_human_action,runbook_action,tags
2026-06-03T09:00:00+09:00,evt-0001,synthetic_retail_saas,inc-checkout-20260603-0900,change_intelligence,checkout-api,run-inc-checkout-20260603-0900,deploy_completed,medium,45,change_signal,deployment,none,not_required,allow,False,none,splunk://agentops_events/inc-checkout-20260603-0900/0001,Checkout API release 2026.06.03.1 completed 11 minutes before the error spike.,deploy.version,2026.06.03.1,2026.06.02.4,checkout-api release regression,34,Compare the release window with error and latency spikes before approving rollback.,Inspect deploy diff and recent config changes.,deploy;change;checkout
2026-06-03T09:08:00+09:00,evt-0002,synthetic_retail_saas,inc-checkout-20260603-0900,service_observability,checkout-api,run-inc-checkout-20260603-0900,error_rate_spike,critical,100,observability_signal,application,none,not_required,review,False,none,splunk://agentops_events/inc-checkout-20260603-0900/0002,Checkout API 5xx rate jumped from 0.2% to 14.8% after the release.,http.5xx_rate,14.8%,0.2%,checkout-api release regression,30,Prioritize checkout outage investigation and collect the affected endpoint list.,Open checkout service incident runbook.,observability;customer_impact;checkout
2026-06-03T09:10:00+09:00,evt-0003,synthetic_retail_saas,inc-checkout-20260603-0900,apm_latency_monitor,checkout-api,run-inc-checkout-20260603-0900,latency_regression,high,80,observability_signal,apm,none,not_required,review,False,none,splunk://agentops_events/inc-checkout-20260603-0900/0003,p95 latency increased from 240ms to 2.8s for POST /checkout.,checkout.p95_latency_ms,2800,240,checkout-api release regression,22,Correlate slow traces with the deploy and database connection pool telemetry.,Open APM trace comparison for POST /checkout.,observability;apm;customer_impact
2026-06-03T09:11:00+09:00,evt-0004,synthetic_retail_saas,inc-checkout-20260603-0900,database_monitor,payments-db,run-inc-checkout-20260603-0900,connection_pool_pressure,high,70,observability_signal,database,none,not_required,review,False,none,splunk://agentops_events/inc-checkout-20260603-0900/0004,Payments DB connection pool saturation rose to 92% during the checkout error spike.,db.connection_pool_utilization,92%,38%,database pool saturation,18,Treat DB pressure as a contributing factor until trace evidence proves it is primary.,Check connection pool settings and slow query sample.,database;observability
2026-06-03T09:12:00+09:00,evt-0005,synthetic_retail_saas,inc-checkout-20260603-0900,identity_security,auth-gateway,run-inc-checkout-20260603-0900,auth_failure_burst,medium,45,security_signal,security,none,not_required,review,False,none,splunk://agentops_events/inc-checkout-20260603-0900/0005,Auth failures increased from a single ASN but did not align with checkout error start.,auth.failed_login_count,480,45,credential attack distraction,9,Keep security watch active but do not make it the primary outage cause yet.,Attach auth anomaly context to the incident.,security;identity
2026-06-03T09:13:00+09:00,evt-0006,synthetic_retail_saas,inc-checkout-20260603-0900,edge_network,edge-us-west,run-inc-checkout-20260603-0900,packet_loss_warning,medium,45,observability_signal,network,none,not_required,review,False,none,splunk://agentops_events/inc-checkout-20260603-0900/0006,Edge packet loss reached 2.2% in one region after the checkout regression was already visible.,edge.packet_loss_percent,2.2%,0.1%,regional network degradation,6,"Route network signal to supporting evidence, not primary rollback justification.",Check regional edge health and route impact.,network;observability
2026-06-03T09:14:00+09:00,evt-0007,synthetic_retail_saas,inc-checkout-20260603-0900,waf_security,edge-waf,run-inc-checkout-20260603-0900,waf_probe_detected,medium,100,remediation_approval,security,security_rule_change,pending_user,review,True,none,splunk://agentops_events/inc-checkout-20260603-0900/0007,WAF detected probing against checkout paths without a matching exploit signature.,waf.probe_count,173,12,credential attack distraction,7,Approve a temporary WAF watch rule only after confirming it will not block valid checkout traffic.,"Prepare temporary WAF watch rule, not a hard block.",security;approval_required
2026-06-03T09:15:00+09:00,evt-0008,synthetic_retail_saas,inc-checkout-20260603-0900,splunk_mcp_investigator,incident-command,run-inc-checkout-20260603-0900,spl_query_requested,low,20,mcp_runtime,mcp,none,not_required,allow,False,splunk_search,splunk://agentops_events/inc-checkout-20260603-0900/0008,"AI incident commander requested Splunk context for timeline, blast radius, and root-cause ranking.",mcp.query_count,4,0,investigation_context,0,Use Splunk evidence citations before taking remediation action.,"Run incident timeline, root-cause ranking, approval ledger, and blast radius SPL.",mcp;splunk;investigation
2026-06-03T09:16:00+09:00,evt-0009,synthetic_retail_saas,inc-checkout-20260603-0900,ai_incident_commander,incident-command,run-inc-checkout-20260603-0900,root_cause_ranked,high,70,incident_command,ai_correlation,none,not_required,review,False,none,splunk://agentops_events/inc-checkout-20260603-0900/0009,"AI ranked checkout-api release regression as the most likely cause using deploy proximity, error spike, and APM evidence.",root_cause.confidence,86,0,checkout-api release regression,26,Review the rollback recommendation and confirm a human owner before action.,Promote checkout rollback to first human decision.,ai;root_cause;incident_command
2026-06-03T09:17:00+09:00,evt-0010,synthetic_retail_saas,inc-checkout-20260603-0900,remediation_orchestrator,checkout-api,run-inc-checkout-20260603-0900,rollback_proposed,high,100,remediation_approval,remediation,cloud_rollback,pending_user,review,True,none,splunk://agentops_events/inc-checkout-20260603-0900/0010,Rollback to release 2026.06.02.4 is proposed but blocked until human approval.,runbook.rollback_candidate,2026.06.02.4,none,checkout-api release regression,20,"Approve or reject rollback after checking deploy owner, current traffic, and DB pool status.",Rollback checkout-api to 2026.06.02.4.,remediation;approval_required;customer_impact
2026-06-03T09:18:00+09:00,evt-0011,synthetic_retail_saas,inc-checkout-20260603-0900,communications_orchestrator,incident-command,run-inc-checkout-20260603-0900,stakeholder_update_prepared,medium,95,remediation_approval,communications,stakeholder_notify,pending_user,review,True,none,splunk://agentops_events/inc-checkout-20260603-0900/0011,Customer-support and internal stakeholder update is drafted but not sent.,comm.update_ready,true,false,incident_response_coordination,0,Review wording and send only after incident commander confirms customer impact.,Send concise incident update to support and engineering leads.,communications;approval_required
2026-06-03T09:19:00+09:00,evt-0012,synthetic_retail_saas,inc-checkout-20260603-0900,mcp_runtime_guard,incident-command,run-inc-checkout-20260603-0900,credential_boundary_blocked,critical,100,credential_boundary,mcp_security,none,blocked_by_policy,deny,False,filesystem_read,splunk://agentops_events/inc-checkout-20260603-0900/0012,A proposed tool call attempted to inspect a credential-like path during incident response and was blocked.,mcp.blocked_tool_calls,1,0,governance_control,0,Keep the tool call blocked and cite redacted evidence only.,Preserve redacted audit event; do not expose credentials.,mcp;credential_boundary;policy
2026-06-03T09:20:00+09:00,evt-0013,synthetic_retail_saas,inc-checkout-20260603-0900,ticketing_orchestrator,incident-command,run-inc-checkout-20260603-0900,incident_ticket_ready,low,30,remediation_approval,platform,incident_ticket,approved,allow,False,none,splunk://agentops_events/inc-checkout-20260603-0900/0013,"Incident ticket payload is ready with timeline, root-cause candidates, and approval ledger links.",ticket.ready,true,false,incident_response_coordination,0,Create ticket only in approved internal project space.,Create incident ticket with Splunk evidence references.,platform;ticketing
